{"file_hashes":[{"block_hashes":["bH1zgBjUsDGl6DTIfejjqpy0gw/jMAEFeMlgFazr89o=","68TjCMdpEyou0HUhStlybaClUM6UHFxxbWC0n4KxN/Y=","Us6w/Qn0Cpty8igqeMFxt+kISZp8BayjJ3momK0USn0=","75jfCmerdM6HWbtShtzf070Flj9ShLSNHc0cB6XPIi4=","TkfEoP0LQICxLNWvNYFW/Mp4Hmjjj9xgpBBiUb1MAmg=","YM8XQ5ZYjLIqsTte5MziS8yUWBLWLPB8Otv0tdiP4Yc="],"block_size":4096,"path":"_locales/iw/messages.json"},{"block_hashes":["Gy9SSHNzrzipbg5Qzc2Iq5+lMWXBvlvnZr3Fgz9GqaM=","WrNlEgx1QUpprIUdsKLcy5IRqQhtYJA8JJxIZxRE4DI=","gxDRiHYGavCcQVwUgG6PZTEIXELj/BlrzIWYodY6QEA=","LsR9qVl4XfplWfBEPlTB6fC5C3ZDFw73QogiSpp/JPw=","qG2ZvfqRdiVXY3kKyTVaxYrrc/PJ0tIcPP2Z6jdWmNo=","xNKEyTKDvD6nJjrYYm+x1x4VkhIZ8BSUwylKrEyyNak=","y6WvRJD/OefL+E9gY157TrtGG0ofHyTvYYUdP65EBgQ=","PUwa2mUUEcToBPhRbUYGpSI7wueksCYEgLlNrdD/vqc=","PQpl7xoQyVFvvRjP2ooI44jCfugwW8nKz3bTLZvxnuw=","Cim71esJHcvShNR277C35452/i7M4Rz6rln259gbBRU=","QV7X/yk01CNZjG1Rvk7LfG2NAICMdx1BWhnUARm+B5s=","aBssGD3sEzAExxid73AO75FWiO16yWqby0CjHhwHHkw=","CUJfyZHGUyb9QCuZN2i8kQxxQYs6N7Wn+527/svw73c=","8UYaOPdjp5BU4RWwI1Oxyy6nF36XQ5wTNwkRgkJJbCM=","RIbfCUkR0Ca7rk8gxyslYFxtM2BYQw5SQ0jJ8+xEXYw=","lHhmY1Fh+zxSYiqsa+nArkEwjLd4O/r5lS+WujDaVOE=","DOw/3vqebarInMpFBTAsnsLWz8BhY/RLnfz2Sps4dw4=","lhpQRGIG4njBwpD9hEeDpIqL5f1ECW4eV+Z6AdjN/7Y=","NZAEwxdoibgkZmj+44CldZdamaLeGvXoXYGagN/Auew=","yOEI4+xgyx6EN1g5YQgYKrxsFUyftsvekQX3pHaG504=","G8rH5Vkd1xg6Ne4QMtLPMc8mOYEllGUpoKBxkGsu9gc=","Hxv1tqgaBUOzFzCniGkxsUNr1UFyZfk9MNIpn1gzJlI=","TjnVwKk4VYKEhOgpBeUYGOTLifE+H7BxviwrOOcvBDw=","DQwKV+oJ/z59d5qF4ZtxF7XNeBMtcHFECXma89C2Ds4=","QLM67I0TONpy22kcB9YAKNWzdNge+Bfit2h3GAIx/zc=","QGae0RnJgPZXByyhIj5gXvTGuOs6ngAOIArvQkd3s/8=","Na524JcMcTAgHM34UrqorcVP/jxlL8TQNZIvY+h+GEw=","tSeMpbV9guFNwOxZ6PsZU9gOkT6cpYFtmlv5eayyanU=","s4aXAGhuaINDj/SsJWp+q61vL0x4IfFlW8QUsS+8O1c=","E5/QGnZt+iL1Gk5qznHGTVM6HgZIGGHTxMRz+MUAxMI=","QbQYwtP5akCZzIdeZHLMrTb4ZfykLl0RtpzDHOSynI8=","XAEOEYkNZsikCb9hb6SERbZAKOXua4kRnGwgVmauABA=","StUyWYm0fRaEKJikGUaIgT4mquP663y5+MlZtghHWJw=","Dm2CdBBh+22ZXOIrgyfxv5uz9pUnkGhHHMHv+9zC9pI=","fKdYFYH1vIisA1souaXp/SGdkg82TN7uJtpgB88K1kk=","lXDGPGUdYneYDeNEUCGJKdKODqdv4kZfDSJgpwCKp3I=","cAGiX3E/PAIlTzp5Ny/fAThN/BkIlYlScJcZjB/Cz88=","+5szWzw7hnmpp/Tfltz/EF5XmRkBRHc1bAEeDcYXLHc=","UVKPVcJZ0Q/KFyKPkrvqFB4YubomqtrFWfSfHKpbloc=","B6nU1CVkLMeLcQAU7SW6cSpVWiCbENUlG+Qw4jDBZ/A=","jp9sdcp/LYFT/gDw9ZXtnaGKah7GveXlGH+MruCudeM=","q8woRfGKUwkV1qNrAxwuRet4SoCfTw2bWSO0Z5fpXtc=","mOR+SVJ0Cg7PH/mw4ob9RNs7XvfXVKgtYeGVzytumbc=","rZ1x3Pc4hsK3x1UNwubbDgRMRTAqCf0VE1Wjmk1DhO8=","v5+MYOfWcrAsPcFQYgOi0+ux1yiRg/mdmvNluN9tbOY=","VwoMaGKQvW0e1m5KPE7TbXuRgJycJoFayP7wQj4E/hw=","R3xY7wRMLVRFUAuom4Ni8VNO/kddlbhFDc7aJonWGDA=","2scLUQkdneqUuNll70+xy9cyPjp0uqzklBg6RqsG14U=","2E5wjNTSyP4OL5mZDPCwrioCXCCyJu36oNgiEa1vWEM=","lhddSEnsMsNDaLFMLmG9xdHX1KBmuvbSR1TDUQqKHd4=","QyXxi9wkLZnewtB2Ic6NYtWIb2C1DwPapZiWDgb/kJI=","rLsOebvtUv2Scbeb9zc4XJ7Ls0lizdH+NzYxhsPKRUY=","6RwiQPRVWfxNfiChycu9A5EcJgxxTExO5WCnalhunMg=","QZWHS+HOS1RJBzotZi3ezfwLXDvQ5ICR5E/ttu4Bg7k=","l/uJbjS57MsmmDHLFfPp0bTEpIZfwcX49j7u7AKTPz4=","j0X7o7rn9jQIQF2HeBgE4AsEKgMsFtolm0qUN0ALV+o=","c1N17X9RlRx58+YR4PdxT7Eg68xHfjgdlbKJgLn7u3s=","BsPHMK+wsO/PZYYgwOciWRQCefnfEeSCYc6oFWdXcQA=","UoroSBuR/njF3rDE1eBdrNpEAiXByUNSE0kvf4VFanY=","XWC1BY8x5hlbGo2D7XUTwPogWFtBmgFX5w485KP9fTE=","ibyqWFg8Vw2rCYg7GDnVHhJPbBeO37N/rIClbCYkPOM=","oGjLSyZsvRPLwETCxyRos2YmWTSSXWGzn+jU6cliqDA=","D5LvUlTM2h83/S9MiRjIimL6D9qOXoqVbJ+JCfJqU4Q=","2yEuRlewy1QwCoVtajD74c8EoDk7E/NCptExAZJj3iM=","svlpnm0gRHQWtQ1nc9ovws0ntLE32gEBmkzWwljc5fg=","6QODcccq2XfFJb+V9iO6vAXiplu7qR2qlX6HdUtZDMI=","fm0ilZy4ixebVmb70lDORm/IUY7h7TCiT0AEFU4Qr7E=","ntSRRhTfvIkS0lkQBL/d8DhupIGcCQHmRzSVB20dQxk=","wXWR+Fx7KSeKj+qdyUjXi9ZpnRBXY9GwV00MvUuA+K0=","U0vUHCzGcPBWiC5xj+33utuiXWEml9vqnnEExsfDeW8=","HRkzzmNXJjY1KPeFH0WHtjpTVo98nDcU/8eATApG5nU=","tTYjl5rdcpDYYFWIi/2pWzYmgZFuUCCpeQYBE6BnDL0=","uNdQQePf8T1adVRS39RHz27j7S+shD5IC2napxQ3MFI=","Wc++P9RnsUFoirwpIQL17fg6ZXMv3htKfEyt3GHcbsY=","mheDFuGM6u+1IRvYc7z+mh69Pds6LcoSjNBfCerTtUI=","Q5yBgC2aRLKVJgwd+oQJq2yE/SEYrvS3/Cwcd5wT3YQ=","ieViuK50l2ORzaHYW8gP2d0vMzg9HfcwuLrAhqWWyPY=","JiS+kGd2R98oBNKV36fvj3ojoV8Sr6bI/4IstjyJ7yk=","+KDDcgsUewJqdAEa6tMhUv48zFY5/SmAo3tUPMZ7e74=","H0Dnur/cmGw4Q5vqx6LJnFkpV4ZezY+Vu7YPdxI4RvI=","QcnNr8ywhFE5Fj+gzNWbdSRNVNNMtNW3bpSwMT1UA8o=","VgKSUAK6DnXkrvZmYV1dedNic9Nf3Ji4HFbkRhqYG7A=","hlFL3MdSlOWPV/R1uNkjBC18V1LNQI19Sl6ywQdl36o=","y4jPyHRjoRG+hjb2Xr8yJWtOrOue8ouN1i8mDYcQuto=","HITIB5NOvJftIc79vjm52wzza2u9D/hkcdbpIY2nuuU=","JZ/zZ+fZohvb/K9DUT6tJnCiaeXphCvl+aEqJBB89Ng=","NifPkrD32TtlTNKcKTY/VqF5hsaMSto3nam03NK5i+I=","ztQXiKuP/oUxiRbWL4u7uu+rv/ySeqNW7HE/ud5w9y4=","9PUGdBbJzoWO/N7ARYS9x36aE3yLW7hXe/5uReGEyAs=","cXbhFrGNBpFutD0+8ArG7leBFzBHqEEbW3BZbK7pP0s=","RWMCo/Fi5rmTL/JtsUwyufN9enQ5pT8oAGCR4B5tcMQ=","bAlNmv4jwTPf7TnvHVLgCTeKvgPJEiCy7HrzFHhkBJk=","QY+1PCaG1BZqOhv4qiML7ROhzyLPOsYjgRV2/lKWEzo=","5CMcUxRec8Y6c81/Qc6tEhekDJ+jBkYpKl3qtIJVQfs=","IcR7OCd+UZYnG8VNF89yf3ihrcY1HWK5aKwaYDV7I9I=","mUvwwT3GDBKOjdkGGiAgJbpVCjzYT2+hhhEdU5WRC00=","cAST+KSST00+v5kcKnqyZT9eXC/Q1i3YVPW8kke2j+0=","3gbP4iDjKf6Qvh+7LwmswK5Uv7UewevQ8n3fIkJZl4I=","vTGZ8tQxeIAIKeUMZCrIaZhwdwW8/LFix7bCXVsZ4kc=","+T0P/DHe4+cs3G3s3aUu90MIxdv1GXdlphSy9prJ/7g=","5MpJZFh0Di6HfCdi5SYqwMd6nUrjOM7umEubC9NhYdE=","ieD07irZgiXtCv//ySJzWhPHJjadFQsjOJ8milG2hik=","EAycLW0U+CZAJczMCxzHZCWchZfyx+bkz2rxcaHA4R0=","YrK2bH7TO9R0JqEzcCGrnz2EVBPG1N4NRAP28pPSpv8=","XO4Q1WW3QYO6ROulxrZXYrpnSvQRsZoIbFTLpJeizek=","LyGfau0YMWIud7wxg6RLPi1Hyvw25Ry/qrmqoCXY+S8=","di6BqGyueUO5BAx1pBeY1cBmb14P6jORDKZLEgiymQ0=","f0mNDSRlQifHrBqubkOrSR7sTO8fk/lHYavt+vvYvO8=","WnyOnfvX7bIAYbzFald4x3KL9UrHC2/DfNKU6KjIdPA=","zLGGIaLH6jtvRuCtIczGZrMCrq6Ym9w0IT/nrvNJupc=","70kOWSRum3yJ09fFuDBCDUUXc650iThHn1xsIXNhuOA=","6p0+sESZXxXyP0ccFQxkEh0bQsiw2mXFl+AEeC+wz8k=","WKagIfoyth8uDG7Lc0O5t4obc1thXHQ8o6F7ZhB1Ld8=","tABTRdIFhgiGDQl0rCkiL8jTli3aiRe7Oi7EPjsUlv8=","GDSa7ppIY72KhWj1H3SujqwdZ4nbFng4MYlRzW3xW3k=","5Xtz6VfuS7BRkVY7PG03ZF0uw9D0LJ91JIqfdqf1MQQ=","Zu8pKFZjKgdiBqoGwo+vp7IXc7730NNDbHlpqMc273Q=","bFONEbfZ7Eh3Qq6uk03PhdZmnxx+gd/atOpUG+TJkY8=","4OjZaURAdEq1TT3gxWYVxdFweRiayray7xa8fl4SZZc=","C2//Aw8NeANM/YhSz7Dd5y1BrM+FBPIUElC1jo5JPps=","87CDX/3C3n9gb5Vhgu+ENX40Sht30L7QJcxPyGjYmFY=","5+YGA9ZKMIm+SKRt9mKaYQk0SLajCYYU1fO+Aqy2NO0=","heoPLCv2pdcEEpJsDe/d5Q0ie9VI0z1aWzWTV5qQGmQ=","X19h7vcq9k1WxsGum1z6+qFHjQe6wGvfwJM+2V1J26U=","tWQdPQkjJ2ImPyVidcnwscJz+i4nSrkn8A5Er76iDYM=","oKHQRdf2RgaMW60kyGU1t6Ncg8yzC9iDaxzuiogpP40=","aRPsFm+esKRdGqMqizDTCrDFQ6n0NeXdFW2d6pwQ/YU=","6rbcReau7bdd9fH1QNCs//7msMp0cuDR2MUGB3lVWlM=","MSpKWVN2m7zGXoz2JryG7Lym9pkYG0uFNbnHhQTSu2I=","AB0pNxZ+3YmN1lb8ptC03B+tHjXZpzvQH05UBk/ek0c=","uqX2r+XhNrqPR/NuM/r0Oaaj4plj/glQY6TxjXv8fGA=","QF1Bc1D+rZd+W2Iso6WM9q5W5OB67Wdi/pZxGRBUmoI=","gSgs6sCL0Ko/CcO2A3Ya4Nq1f3noQZT3cSyxURvYjI4=","KbXnytAZI4wKj3PGDOvctUT/anPNyShcVRwZgx9V4PM=","bauXknl05OdGnvbZk0ZubuDUMlHy1hrbMO970gzad7o=","/JUcCa86nVaMm3jI6PK34/Jkwgjr4e7DbDVzm8unT0Y=","mUg6WME+UIiKEezJXBpRkyNqs84E2XeGIG86gAqklsE=","Ey8uVBhnGryQHet0oZ1EvO1tDuI/G+rygzOerGAdcSQ=","000/FGAMUeZxnSVrDgjYHRhbl8KHN0AiBPsV0FoSTwc=","WHGYQD3oEIirYjfLSJId1+1Tqj5dDdgJdoJ5nQJ8orQ=","EJyJFfxdjsLeOLYtqivhLTXc6d8WO8x+rdL6u7TgmnE=","WpJx1t1TcqEHf/feqivMKPt+gGRpgYLLkHaqoRgzzIw=","Nxz/oppFWZJwmj29hd+2HmQoii4zYokGtyVvBodSqsA="],"block_size":4096,"path":"angular.js"},{"block_hashes":["6KiSH/oxNLzHQn2bvXgziPM2SEFuM0DBphquYzpbEgk=","3hy5EMvpAX1nVy/MR25gDHM5Wr7OCiiJcnJd5jIkFyI=","ucN6CkWP9WqlKnANFHCVzTxZZ/9TIDC28jC8Vh7Aqps=","d5JZVj8wWpta/wUl53H9Te4J35klXUCMnz5Fp6EazN8=","+L9OkJWtztEhsykbBBG06yntCLa+cow/0NaOAPKjQYQ=","hrhnsMPJKBphnGXjMp8CF+v4XJIuiqQ79AY0ZyCKz6g=","/7jon70Aor81kdcmzH4/tD1cVrotqIH4Juzgbo4t3Vo=","2k8KIXvcKEVp+dDCIqXnS8jkiTtqBsf00Pdkx0sp3es=","EVsJ8FZUXjHDctGMhPgI5c43Y5xiJb6G2YrJZ3hNG5c="],"block_size":4096,"path":"background_script.js"},{"block_hashes":["Y/dWVsKxtvPox4NU413opCGeLP3tWtb3Wmflam/657I=","NAfAlzX0poLc3Z71dSKfCm2akXlUSJmBBYP8mFkm3yk=","V0E5xxMzxV4ee83PK7DjEy+UTNx0eazNs0vhT9gkF6A=","Cp6R2UAcQvuEMYfxGDHtI93G4hdUrR0wh92fyxw+q/E=","3HP9R+RMcBO23aevVMO6WsNSpZvvQ3vBNZaawvlsUhE=","NN+kBr3OU4ky+T4msQL9X4VsbZ5eJLDjWgI4y7ST2WU=","yYoX1eL6zPet+EA1DCGEx/G31JZ1aKK2p1yKmFZjw+g=","IgijyMI/E7gZVqpHTBnEgXcCgwEkPgCR29w7yTeuYb4=","Zw1voObjvCoukzmrnkQtkSALspLvQoXtM4EqQPsB1mw=","LeELdlsbLGKHM3KfG8Zv5VvftETfX9aYANM30i0IVY0=","60fMSuRK0d7FoPMyQzpJjuIWSeXfflgWHMXt/3FdI5k=","JjWUB5sEe6vNDnI6SfX2b3hekbU/voPfZegXJqqrVtw=","Me68Fwfs1TJ2V0mdm4qcZTjYBTMQgs6+jjdH5qx419c=","XdQG+EI6XrhFIFwOgpPrdsJZlqmjeSGRzQ4rJifGzAk=","yF1TNhIKvyGcQtRhJoBVpLyvxFr/tSvFIYOripw5WzU=","mRo29a9yCcn08JlMN7HhU/xGzYAlyRAVJovnWGHZNek=","dPcDCqw4D7JFu9XXBMuHZOtZAbPi+FFhK35gI9UdlzA=","Zt1kVSn6bNvOY6HSywALRthHfO09la0MBi2Ss7a6528=","Up1C0N1SZPQTSJXu8gUGikVbnQGb4PXFGxiNYI20xYo=","kNz35b03l8/cZPIC8FZNVk6E7vMJ32JPKaMW7SkIjww=","R/UQV9tcxyuKJMhPPc89KXcTKvnFUbl1gQ93rufnWYI=","67NE87qSsrknpPUHzxBf1sk3Jn031wOkmSTrRCfB4CU=","d1A7yLJdsb47q8P0EoZ8sLjkiervpQgYH2y8j+iei+M=","RDA9laOx4qqRxiSL4oGQiN2QKGIYBTcywTt1vSyA3Gw=","cE5TYUqcOJvPfIOp+l1GL6oH7elS8LsUAw4q+4ojwuQ=","BT4rGTOFoy5f5Fo66CEGSefIOGWvTGMk2e2xZ2d4bK0=","+/QV+n97AoR4lC6eFKjWXYgSTFrcYFCMPeUC7IEhxrA=","2ggD6PP5f3wX/GW0rTfQ429E2nAPOOh59oCZDOxorTA=","o09+WBLYwhUadstYAdwmtj/H07uqfWUWsDCqiQoSC7M=","nGB8z/Ddmyxj7Gyn/Wirnku5w5uHkzBjlqwfZJhVQag=","GshhPgL7cYmdAA80t8zTdFb889jzxZT0duMfZKBoU+M=","A9Jdepd1+nVJ9xeV9NbY1cWYIkYF6Cf8cykguMCSxvo=","mHA/FXCQeERV1qMfB2//9tnu6bkjfntK+kDFcbaib/s=","/Ri6kbvl28f9Gta3E449QCAtPi7v1PNuP8bo975RBMc=","tl3murQ8GZaWPtllJlHAVerw9CMHqWcb0HmbDMw6vjY=","XAiTSXMWT5H0fz7pJSSkS0g+Ko0jz9IVbC/Sqm4ayvo=","rhm0T3539tqsx4O9bJ+uVpEomVv+TF1aL9qMyFDEKMA=","O1lS8uApvc37+VCAcdZ7jbPNGUcYTnQhOsaksi0OVkI=","Wp5FmAXAdxxAKHWfwGSPnYfUnVuGHCEzmuiGf79pJiI=","H8nNxepERUb+kB0G0a3yxUBwOddJa69JJP9a3UlikNc=","+twrpBSU2yoCx/sM9GCUvoOM2UKSy/6EhrVSaLF8gOA=","MGaD76hZdH3x0QiHdJW/jofEJ2rLRe2Ha2plzm3a0gw="],"block_size":4096,"path":"cast_game_sender.js"},{"block_hashes":["kON8VFM2MvJcyXNsDPOPRWZp3bDl7AAp37KWqG/7Lzs=","aSKvpLQhJGv1QqCQVAEBY+uSTF0vRNHlEyxnR/kpGpw=","77h9Ygn+cghbMMVuqTVHWFy0ORpDyIQIZ3qSUrnHD5M=","Snmdg8KD4odnG8geviRtGa5emU+TWaRHZsysopLmaPE=","uL0XJ6wqGlPVyFE3BsQitXjxT3KwXyGvxHe/K22m9U0=","KP+UBAyIGmbpPFQmLSDUY+1br7OA7JVm7wmjV+ZHuIo=","iyqEVf/Cf0+kf1MYtgreeqxO7W5bVps30falhvsU2cM=","XaqJ5FDlK8U9j/HremkrQbUck4rY9H6MpJwY4IEPl+0=","kHkCb6SqhesNMZXnMIAP7M2NZ+Y480V9dIVh81i6HBc=","gLOcth6tG/gBIUtB27Taix0Lr8MQHW2ddrd8pptS6TQ=","L2hzRclMd3piX84TvkBFLELgnJ0kOyY+uWmnt+HfKdA=","tA1gU9rqnVLXPCDu5zuYAVdMa6i3k+pCXKL+aolUe24=","EgXpohgzCObc2CTkcOX7spxj/LIzFaKi43/A0liDfuk=","uWgbYjHna2gyieK6C1JDEDbtwGnbA3BYOZapSQpjVIo=","IoW+SNrUxjJdO9YDuHrqFtW8Lwq374B+JSifCzW0Qrc=","ABw9T03B0J+gZlTMDYtImwOnA5bfUpmKwvHN91E/lP0=","chnNNUjSVhGcWITN3XyXh5H8yPyxAbq4j761PN+z1PQ=","LqtBRMSlz206kP4gIl52/+CWTIjcINKdEEVfsn59VtE="],"block_size":4096,"path":"cast_route_details.html"},{"block_hashes":["z8+KkE+AdfMvjQwjIh/Lz1yx0luoL7ivdnYCRWhNbFs=","6fSPsu5d01ICXnNH6x9AnmjWkTGTHcpg8E+XWkN6/gw=","GKUT3nihXHE98Amdx739OVxor/8Bb7v0Tmv82Ys3QwU=","i8I6tH8BYW8W5b8964qNI8HklVf9smiGHEYWWGIodTI=","PsJ0UL9KCFBSWovw2h9DMU0hzASh4FlVyqx+4BdfCI4=","HMWUUijZXjwNK+5A1fM85Ba8ipCCW/1I76CghCtoPUY=","M3dJ/s0T9nBsc9ZxerL3WY5vGOToIzPWSvZQdQI9Oz4=","QFolzCPSXe1ZA2CbdOb0TciwfINsRDJSVbSpLUuM1XA=","voT0zqa4RCYRd3xpj4IwCI7fUAxrH/UZNJry/PhjOBk=","XeWMDrcCszq2qL84OGgh5GCukzlqYmayVAkk6d+CV14=","m6c4FO9io0vEsRwdkGPsq63qVgdrH0bs9FTU/J1vimE=","A9NBC7TgRa3M+eFJoYIBglz/mvG9fdgdsIGSSseCmxY=","zPlL4n4marcDHPphu+2TKyF+eAcs9ZgMBFaHuQdfGAA=","9Mn5XvyTX4wh82IZ5p8BGSPaVu0D+CQF0+TJsbbcuhM=","8BXjn0hNLpTKKhQjQchrOM2UUOBih018zhmZ4IB1bmk=","OELoq6tVbNLyiuLAqxpPgbUTEm6t9YucQfdZyhN1WsY=","I1A88S2VbS7D0QCgBuLbuGSlVDZxKlPXYE6i+lXMhU8=","Myc7LwJgQMYJfrqQ1RipNgK3vvFlvQbjcDxUrELYG0U=","MxOGreUxrNfjz1+yVsNIeZxEfetnd9Z3Q9DsFWerTz4=","TP4TnK/6SaQoiQqquxw5/jaOsqtgSc28vo8/r/Qf9qI=","JVhriLMohFLzgFss8FTj1xCW24MPjDBgHfSxqf7BhY0=","ihQKlzCt62oG2iOyuiNql7sv5LRC1xBcRIKbJqdC/vI=","Sx38ipe6Mg5vgpBvJQiQBDNazNq87V1UdJIu3GUPsFk=","vh2ue/lNHy1pbReivXOhrkEfbAZJaQHXP0X3ZGtptRs=","36tfm6Di9T+I/Lcx2EO6yCqs4zowJC8sy5wQEzd3zLE=","qW4gRWgJBYjfPQfmldEwd0pzfwHa7isdV2AvIbt1cbs=","A3Nch0y/gfeIqjjoi3os6H1ouscYv1uK2lD7Z86wV9M=","wJ659FjLLQUzHzBd3NDEQlkCChZZSjl2AplQiiudJIQ=","QXuN18mAH+cm045nJ7n0DoootpH1sgu4+u53DIltHM4=","4QgmHSrsJuTKVdK5FZjNataS77ggqiB99Wt7BYZzYZc=","hD+EDWW2RXCf/7U2nm6ORruHabuV1i17UjXMRm7fztA=","jsl3/Q0xxoWHgThwcv1+OfOKoPweQ19zH6cEGoXvaFo=","S6/x0UsraKs2/If+yUk9RbMdg6XAPS/A66zQg5Nme6Y=","r3nUnfAm/zg2xxtRjUKKlEZflqfKnu2qinro0X4eXGg=","Q+lVPSYAa3aJ0ahDaKgV991oq3tRlIgdxB9C98hiWaA=","fRKkR+VRQUyV8mKuVbBC0GgxAfD8OUhBoSe1TJaV0gI=","qkpb+1m88NglXcr0R30vOYCh0uMVFolqeG4E+fVcRt4=","EJXL0pz3u0C7JhjgFoIW50ThdxDMUVcA5M2OX7AknpA=","nkwR1mfzIFNdlvZ/dQ/4Kxsomiiv44XatXQf+DxPfFs=","AyQIZ8LcN8dy3vD9UhyjRA6bMqz4JLsWqFcfHm7Mx/k=","VJguLFM/LbwsIL5ANBWYNbRtz6zGXxfKaEjmlacYp2U=","HCNjLjiupNB9YyxZpuyxFQap+Kc5Hjif4ddRPv2ZmQY=","U7qFCMdtZkvI4v/qmWmyiAzu+CkB3a67rRGeTToqXHI=","iIhat83zt2PWnpa9imsM3L1SKfukwWAi0Ha09RcZ2Ik=","wPU1MsPW7vwwnqI/37kLfEn7VrLiryB9PcGx7X7r3+Q=","go3tE4RjpdSqvpgNc1IKPVd7iaDSCBB9t/BSA1lqk6w=","6G5xz1DfekcY3NuB8MG3g/rINLVIwtNFKPD/u7B0mZI=","9y/HW7NRjTONBW8zWmiSAlN97EdnpJaWgXkpZYng9uI=","WQD+i71bjKo4uO3zK7CyAugqa381ZODZTLnnmulXLKY=","mZu/XJtBuoLlypbmS9q7VQfeuJaKTWXwoyZGUuXbSKo=","dfeDdRap/pfaYrbyZR8xq7VyKyDkpu7P4N5+z4hnG8M=","b0gSyvcs9R585C4Xt/PGJJ5MPmIzPBwCWe7Cf8kSvX4=","OYvRFGSTs/UOuG6o5380UUBCOZPD3sg4xzy2kGqrTzk=","GpbDKh+JW6KBR6k3Bg/RajP3p7NsM8/JcnmOstHzIUA=","7qj0vKtBC6SfGq9tnZEghjspoTCCBf9eiKsOgyoldAk=","QCrlzPhKd8DMD6b3yxD5kSeP+pVnS3hZ5Dm9zjNqbCg=","ptFYytp7wiXrTYqw5gsyrb5EfvZ8w+NAmyfRvLaZqMU=","mGmKwcNdjqFcZXr+tkx1/7dY90ROnGraLwwlSvcs4qg=","PYaMxjARNXTVyN4y+G71HVYiErHhuYaqh7pnfyJWgr8="],"block_size":4096,"path":"cast_route_details.js"},{"block_hashes":["Y/dWVsKxtvPox4NU413opCGeLP3tWtb3Wmflam/657I=","NAfAlzX0poLc3Z71dSKfCm2akXlUSJmBBYP8mFkm3yk=","V0E5xxMzxV4ee83PK7DjEy+UTNx0eazNs0vhT9gkF6A=","Cp6R2UAcQvuEMYfxGDHtI93G4hdUrR0wh92fyxw+q/E=","3HP9R+RMcBO23aevVMO6WsNSpZvvQ3vBNZaawvlsUhE=","NN+kBr3OU4ky+T4msQL9X4VsbZ5eJLDjWgI4y7ST2WU=","yYoX1eL6zPet+EA1DCGEx/G31JZ1aKK2p1yKmFZjw+g=","IgijyMI/E7gZVqpHTBnEgXcCgwEkPgCR29w7yTeuYb4=","Zw1voObjvCoukzmrnkQtkSALspLvQoXtM4EqQPsB1mw=","LeELdlsbLGKHM3KfG8Zv5VvftETfX9aYANM30i0IVY0=","60fMSuRK0d7FoPMyQzpJjuIWSeXfflgWHMXt/3FdI5k=","JjWUB5sEe6vNDnI6SfX2b3hekbU/voPfZegXJqqrVtw=","iSFaAqAC9XPuuLDEbMbQa8cd0uSK1VdbJHZMpuuBsGU="],"block_size":4096,"path":"cast_sender.js"},{"block_hashes":["3UuwYFi7VdeIVfkMlGUi/tqzCTRnMrp/oCAhdKZybsE=","t1uvi142g67+B9gVt32CC+AzOU4yo2nV11vN0mpDC7g=","B4tZinTZoCCNEmwYT2TxU98pBDXwRzM3g7DgPo+jD0E=","u7SYnBZzl4BhiLPkLgoOjRuq2hLp3MHtxFCN7p6HQ7U=","hiNS6LakGlNFxa33v7TbB7QEpjaH6xWigqApH3suX/w=","mwsrDJGly17gqHcn91V+8eoIoOtHSg6GbWFbXvi6y8s=","1qmMVJEZQ8IRcKk/2xrKsI+B4Rw8fZAT5slJd3VBT9I=","uUlO57oCO00RvgyTRezbREUGLyQNglRtqKosZWIJ6+I=","Xxt1qEQjNW6uPIDB0j7bRorLirFMxK3MXSmUT6Y/Bok=","dMXib16ozWutsuLI0561syi0QYf/R0jGYv8ySrrwVCE=","279OwkFmTv+UK1gPcL0WzEggvqV+x7T1XK5JwT74PNk=","KYPTGxSstrunfwbZb91l8nSLKgCRAe7g1+WPVfr5GDM=","sHEteanVU1UowIG5gXO9MC9T9sv+iJEQMLlPBiGtlo4=","y8nApDTf83JMFd3jQ3u4vqzQGIHSvLEjeTQ2I9Lkyeg=","ftmaLhuclCRxbZvxCaVl8jELItUkzfk3MQIq7dCkrbs=","KZHDvvtM/PkcrUklj1jZ90aDC3SxPXvrFugmkh37pAg=","hlZc0PqxVhTnGDspRcT1JuCNIIKZofheEVxRsmYg8PE=","fod5EJ/lU7gVbo+lIRc4YjsdzL0lgo3B/l/nIiJEhJA=","EKdktts6Dsw4F7s8uDfjJWbxQvGBU90mg8Q/YdAs94s=","YAGyT8tOcueLKxsFbuo82RGz5MWI8FwDru/65kXgNBY=","SshS9+JMN+Lq3H3EM5k4dI8kaHeqrPJdNAOZKbUt+E0=","L1QKdzBfpq/IUdfC4EQbhIlBw3xMqwwbuM/WTrPSRYE=","JpvauziY9MNL0ciTqEhlRrP2g3DPruh/FK0YdtDYPI8=","nBkyZuzl2dak+A2mej/fWYqN8EsIwqjkbz2CEzk+GsA=","IwVpH1RubI8OHAAZuUZmpedet+BUw+aVFZntN3JQ2eo=","oxgQMrJU7o9rgr3aN0nZHZ0FKVe3rkxjRmfYdiZ2MsI=","VFv2z0nIVmJio4daVxGp1i8pubNPHlHIW1pFFB+zeUc=","6djHF44i1X+Z2ulDXiWr5QrGtS/HUYWQ7FwHrG5a1Ec=","ZtaChB3n+tL4OiH0UwTEaKB2YNC+IotZHKhk+2x5iV8=","WVbr2d8QCQTr81MrTWphT6ZpFYbptL/YA+spJA7MAiU=","h8nfqZzWFqUpyB1hcg9QHwo37Wxlku53+8Xj3XggN2U=","Kp4xAvtZQSDZOP+oMzp4f0g9dTZrbp1lr6DsQIY8zcE=","bx3ForOwykRwKZSGeS0kAg3VvbAx+u2MoSDGqfjRBFs=","OTA8SY0gloH597duF2TTPe7QWxDNAZlbYDdjVAFMaU0="],"block_size":4096,"path":"cast_setup/cast_app.js"},{"block_hashes":["MgZYQcljW1IzKvY3IiIgWpKHSfmbO6rjKZM1FZ2P188=","DLGphte5LbnDdGH/OckkxlzcocHzrPdl6fr8xFbpNNE="],"block_size":4096,"path":"cast_setup/cast_app_min.css"},{"block_hashes":["dTwALeCXDQcyvhysuprD4451so0ugiH5+n+7R3ARtxo="],"block_size":4096,"path":"cast_setup/cast_app_redirect.js"},{"block_hashes":["taGCF4ENrTOcSVKI7QV/FfANl3uFO87L3JlKRoPD97o=","EltQy9OX8Q4Oy1HWZBAVFi/ap/KEE14lgPhwSpvpDMM="],"block_size":4096,"path":"cast_setup/chromecast_logo_grey.png"},{"block_hashes":["JeWGdbydRffIYOAWNzJqZh9oodNg4lCHBuzPpAjt0j8="],"block_size":4096,"path":"cast_setup/devices.html"},{"block_hashes":["0nkscO9XXZ2CKtbiuAS+wTonSuyWmw+New24s12/qDQ="],"block_size":4096,"path":"cast_setup/index.html"},{"block_hashes":["JeWGdbydRffIYOAWNzJqZh9oodNg4lCHBuzPpAjt0j8="],"block_size":4096,"path":"cast_setup/offers.html"},{"block_hashes":["JeWGdbydRffIYOAWNzJqZh9oodNg4lCHBuzPpAjt0j8="],"block_size":4096,"path":"cast_setup/setup.html"},{"block_hashes":["c1F0PRvXI3vzq4vggPKNXwzu0ju8C+BSiJMb0xt8kF4=","A+84iXz1TOBQfjquhQ/9qwd0GHcRXce5Jd5LTWOo6Do="],"block_size":4096,"path":"cloud_route_details/view.html"},{"block_hashes":["rGyHgFR2BS7rBEJA4e/pWXqz7k5TMsUxzGcUhhBxULw="],"block_size":4096,"path":"cloud_route_details/view.js"},{"block_hashes":["HQp549KEExdhLMCd++sGS2xN+Yo8bpjGLK7sgUT/C+8=","vjqUt8KKvbey0tcjb40MkHCbjVK3zYKGAflHPCNNO+g=","/J4lOIZ8yKeXjhW8oiLfCxUGKkMWaBaQ+Ki78ovHAD4=","V6t2xyouPYKnwaCJGBgF0WMGxR8i87JfhOB393seciI=","wnU25DaG3Ar0J5l7y45FzoAgxs1w7NJOp5hctCxlib4=","ZpV+IKk6RBn1zBFb1F5pvYda3yRY2RP208PrjiUub/8=","DgLKJWXvWJzUFKpnJBIs7Trlsjk5hH/gvchjQ7IsoOE=","xTmfoo40Lpo2jm7+x+Tzknl2oKYmZJYygFtqW3O4Vs0="],"block_size":4096,"path":"common.js"},{"block_hashes":["lJM9O6Ckc5CCsF/fTZFR3ijFnJ8rIahUQ+/i2qbojME="],"block_size":4096,"path":"feedback.css"},{"block_hashes":["Ddrzt4b3WXKKBrhCr4hvcKqc2bboUcabiZar6MZXnto=","hDP8jzIfoDCj7aPTCp7eM9i5KmZyUwQjbfaRryFEdWc=","h9ZLHndA3y6eGE7uLN+trbR37mHGidGjM9n+ejOCL78=","lWJ73weTZSuGCXQy9Mi7gQapAZ+9KmPhrF43T3C7sQM="],"block_size":4096,"path":"feedback.html"},{"block_hashes":["9tKeFp4klT4d2e9S3FWZ29/Gcz5BzC8sLNksBs5ml2s=","vvANVWxDUX4sVT3tzMJnLkB98mixy7KJCrfLguBBECM=","9a4n2zJcTyiRakuBAg9IAxjHKBfDduoo88dCTqD/SgQ="],"block_size":4096,"path":"feedback_script.js"},{"block_hashes":["O4YbIjt+alTiOK/W3BqSL7HINYnwa7hUWD/gbPo7m/k=","bKyFNMV852YPBTYUMwP+o1GnqqnRZi57QnglGnXXIac=","y88dcuF9sYu0dq18GkTceW8IAnuvr49CC5Eni751Tnk=","rpTNb79wJYr5iIpNxoB1S16DPeTU6qILG3ZJEdp2PqM=","/7VEClxp2ccp+bQlcQf6wMRaws4ZfutSc3UO6qpdqvo=","Qq/UUU69rB3u0t2Q5TIPapU94DCR8k705peGsE4q6ag=","KedjckI5bv7FMF/tf+kDa2eKFwulQ4bVJsYGCLVwbp8=","YcB5DGCmwdQefUQABwuQttHsSlbLEh8yiB1Fz6qCnN4=","2Zr43/VWUsCxviwdcq3fAIOdlcdkJdWG9MW7l0uNkP8=","5QEGpUes7YQMNeqBdbkf88yiiw+pRB+zMvYXGAJ+EVM=","wc0pXSuXmJDX5ytti9vpXPgXQlnWiIgO80wkBdASs6A=","UH+N2PoksyeQN9uBX5nZwkrSFYALDLHZKwUMt6+mP64=","pAQVYxVjW/6L8OSNuS3EsrWhY4MWDDa/3iq3WMsKCeM=","YLbbUvV8L/eAU4phk+aZ6wALBC3NrBlDgh5vBNMgiM0=","sr85XiJXO5BF2DW6U03J3jZ2C4fTUCP0uR8Q630xkMA=","w0Fy34iuCUqQl2O4cjcYLNyYns/qJMXHjPWirkRjyuA=","tWf98/uAfIT1d8PiiMHZSVLDgU762Ck98U8+ldHbWu8=","MCL27Kcj18dFr3tQR1d9RDIgwfYSSK5WlTza2wbvPXQ=","SDZVjd3+6Vg2f57Ck4uRuasa7sMlYhwvAv3yWw9KWAU=","HFDeLk3L03UcMGH6EMKWrXD6V5JJROMNcOs3IGUMaGA=","CeyqCpeSkCBZYK92sxh7NEzHPCYTGJLtFRugw6n9YIM=","VwCoKpR7THZNkG8IB5sPXj1DZPf1Y5Wp+yAXdilPGCM=","cP0F4Zau5O1qZOpr/e/f72vM8gOq204UYKfGhlujoU4=","A3xuONieiS5awtP8JiEzYR4idImP6oyMYXUiYvhPGRU=","I/UX4/2YLmQp+PZn24/KD+A+kO1Jj51Xw/R9n1qbkH4=","dGBl8+SVZpm/aU26P7HQeitCsEyIk15bS1WMj7oZsZ0=","lgv8zfcOp9CXqTaXv3+vOgTDvdtamzoCe4kmVsuSUxw=","MHXVYaBJRgEEjaX+Ox1p7lw6vFgIAB/SK27bwIUHB/s=","XN1+DrmHbJcBkWrzs+Zx1OrbsP1qLKsRIoDaV6jTYfU=","eYO6afnbJODRXinoDnJZG78+ChJqFaQ8rZMnpmT46aU=","xRoL/qQxIejRdnaHofVXlwt/47cFa1GVrQcwsODCQGg=","pitYpboKrgDNkO27KNpHpK7H7faVjnmz6GFmEi0hjVM=","98XXv25oOsyqF9vrMj+gPHn4iScxSFlYhDXGIz+TJ/U=","s8n61TeNdQmmWB/Ie185Q24uCtMeoYUZQEUUYH1KSY0=","/DjwwrkYZwejmr1xYw5NVpWAdARQXD0EbJu0tngyqsg=","5gqDZJV2EyoSWZmjWrhYUOn/koV3sr6AGo2UUmG+d5Q=","OI3lz3n/1YWlK4KyBBKivoZ9flpFTs47ZGwvAgkPlyM=","TpY6ECaSH9sDel6YahIFOC0ujG2ssjjmIsLNLlphnWM=","uHbvlTdKvHwtxISK115NfkuuoNYTGZk5VkSYukqXTKk=","bSZYOpXIp/uxLHbPESkBAxEkaXXLlnpP1wrgFSsytp4=","Y0PSwskFSffmrtbu4xSrM2kbxcNi0t7zHmRGkN6PE2I=","0oEkt8eQKg+Z9yZh3e2qcrtC9Xz5G092hfI/Rqio2g8=","xDlTSBTeiy3OxFKxS0AYLmzJZb4u2MbVw09+vWG0CJk=","ujAyAOGYqchG/oh5rhTV8ALEBYN/PnbRvZnOxsa+hpQ=","RhrFLnmbAl+ZvHlYG2LueVFoF30mlnoFuHBXizFVQQg=","6maXha7dyPOLnyUhjluh7SY/CgQOMdY72nvpI4IF5RM=","KAGlVBJkgYxP8muwb/dpN5pUV9oZL8ncdRLdfA52EV4=","AXqTXR7PERQPR0pGbpkIc5W6yQdt+fXfCey4sEzE5kk=","Oz7sa1dhiiPz/T7aG5CKwuUJfhREKwOlt8Te55VKIfM=","ac1dDKk5wJ0uqpC+9mJmRWBhigtksDhwfOxxb78V/nU=","CHNrhM5QfOajujgMVjKT0We01qsI0CJe8fFy77eRDZs=","y5aRnw2jaFm7q8pjQcAGjL21iMjvr2DySHoFBwvTSMg=","CAYJ8XbB/3e21T7dq+KqAI7lpLyo44i6FNItZFkQPnE=","ypXcDmEQDInZRGWukF6z9RaZsKWmfBaZCPVjeMudGWE=","YFtpKe/EYONVJ66mx3V3bmrNKlX6xFIFyLFEt6LB4fw=","ZFPOi9cXz0/4IZQ09uflsLo9bu8y8KCbSfrttoLhIBQ=","Gu39rIfMI7Gcq57W8aZE5p3Js+lCwn1L9v/DJFduiaw=","YqEm9YYQCgecacdDiCyjrp1p5Xsuajd/0rF46P3wboM=","ekAeC8JVdHDLxxHtnBU/AX7j/cVMLUIEwmyxPT3yzTU=","tWyI/z8kKKpaFifyeecLIm8YZfGosQ7rIzF2dBNlz2E=","To6GsHPDDTScpS5rXa0mOv4U/2px/zSRGDICCEM4Y0o=","x2goknM0D0OrWoE8nALUvp9IF9grN4st01HdbWPUdVY=","xslybrC1j2gpv83ZxJIdOfT4nLAWM0IH4IcuBcWa/GQ=","lYONrOVps9QwfW0fKQgngXHp72yXC+yibLb2C4rX4s4=","KK9Oxr/gaC1TQPY+qyRlKJusXj62Umejn1aloE7d8UU=","nfy8DlAKi1F/ci9I8cMk1gMhQ/goZ5lLrNoD992RYXs=","YYeU8t/FYXxQBf9Dg0ubyMmZ8md48MWmGYa7Q/ah0XA=","NStaSL6rSYvsEtvrmm4IZNw1mAKNyxMDM6gGJLVIKCw=","z3z9KcL4fRjg2nBBWGD21FfLeiPeI5MtQjP+kDvvcFM=","2rq14JtJiiGmnu0JGzNhHhfXanbo1cU6J36QgL4XXt4=","v0trthpz50pfoaK7+lhJLdJNC7x3mbAoqd1Imbw1XDU=","f6554dlPC5Tb5ZkrfI6OBpjhs4tUP1Q2xZY78qxvtb0=","Jddm4PoC2eCl5AVPmIRJNW/Zq3p4jMlCRMcf7dSXNHk=","CGMnYROzzpjOhZhVa3yzod9W+9artp8/KIZhfk5Mzis=","gtBrg0KYkRSKRhDgxa7RJE6FMqHPoeU6hdavPg2LeMY=","OI+80DDPHeA1yXIpLshElwry2MNCxtH5gdg4HD4Ls9A=","8SktH/GMaL5ADp4XeZ0a2fxflnyieVAQYWt2+u1vevo=","s1Yj+hzsq6heLrejo4f9TpiGBRMDoezFawUicGUF7yI=","WfHC5P1GHvrgCCB9sfk14W8raAa1fbPZtEaMcYrhlnM=","7fexLIFFDFdMxGEgcdYuQgAmAgM4BM3JWOgtmikDSHU=","d388TGjuTpFX5ubudIftdjjscSzKR5fARB80fH3Mw9M=","6uAc4gXDxevHFaCyfNrRSanDsQRmTO8kl9HkDeLaXVE=","hVbeWSR60dT3a094+IEeZBaT9IsIx88a5KMfDqfTp9w=","HzLvzx+JH8AS9lC0+uzaLbN3AX6ExblrflVWO5AXRnw=","CFal1sE7Y6R2O3k3IYS4aepGOY81cIU2Ja8hoG+qWaY=","McQBf9iYZAImppwWeAUpFvooEVHPLQI1Cj6hCUUZblk=","7Kh6TSoGJr71VgP6/mGci+L1zcAdO8bPkJMT7bilbOw=","99ShUFEvqbH31rdiKQSfQuNRNLcBgXiuXAfBU+Ps4Ok=","Qxsk7VHbWi9Nnpa+LXWDTc6pLSYBQi82ZE7GEWHZBUA=","ag4KyUKmPCPDvBf2iF5z5oLf0vBz5oKken8cQG4upSs="],"block_size":4096,"path":"material_css_min.css"},{"block_hashes":["PYn78IWu0HyWLcp8R0+QYbSNgoRi+LT+GOkQEHipVTQ=","utI3IA/JYw5VgtaMgMe2RpnQmItZ3DA001MWEzXVi98=","GMCH94PNXQduZo/APdczLBfCE84mii7hCxmnaLRuOSA=","Zj8JRk/6R7M0wZgcrDBBizYOWZmWAS/8+cel1MbDOr8=","lEEc84Ld/fH1GyQRyjJV6dT9YpxHbb+db29eCMes6NM=","ftte5WtWX0tvmRqCuAzXzghJA1AsmnzQ5I+9jH6CrB8=","b5+QT0jNWXHRPuwEUCZXkHRTwUBR1fdzqB3TgebuhX8=","tqPBreNvmOHQ/PaPyYsq4f3IcKbYSzqPZdqe+To5oJU="],"block_size":4096,"path":"mirroring_cast_streaming.js"},{"block_hashes":["p/NImkxEnE9ldyiVUsv77RQASm9PjCH/VHr2WztuXJg=","4pZPykaO7whis207rMMHMU7HhX3TDEu5o/PU4wHUiks=","Wjn5/zBmwtAfnh4oWwKEmfxDHpZkHilKdXvHE5jeXSA=","y+6/vOwciELEmTfqblXdN/xeg9kr4/d5+SoyAZITMBY=","uHPtEYnn8UfbASHKoeGG94C2on9HDkI36nMX1xY16h4=","Q8XVo1/5B0sVU5psphu4moXJl0AhIBA0lFSHBWJs8+s=","Altj3Uu1P9owkmOq/n1B9L2e7SPbzqMQJqwItxz46RA=","tchIYgQmdl2j98pxi7O8nYTSyu+79bceRJDuYi65sTY=","+I/066bwN2Rlz2nOVNxa4rLIXKjRzH2GQXrTfYbXfyM=","2vc4vlaq6/qEtZd6gx7sdy8zDrgiZ09UNq8Je1nNblA=","I1CGHrRRBvXn8oQjzXtbNMI8DgmSjvIyO2++JCoNyNs=","+BBsfqFJcxXwmHe104PuW/kr8xr6Y8CA0l+/Zi/p3AA=","XAkn3/6uRnB/vFtRhypEvuzetrprgUPe429bv/tIrVc=","m//IS0zMKA6Iw27N2SBs5JvW7QcJcx5EERIUm7RYudk=","Tt2p1Ctbf4Z9N9A6xIFI2josWMNUG9rtUs++E8F0TDM=","y2yvixhIKb19e3oFZ2TR+1Nkc9GVxn6ks8LaMu+EA0Y=","T/AtsRvfCvedhDxaolnY+yQMJX6qx7liLpCryl3hIqQ=","00liB7XNzemuFNW8/W/ecgzmzbEpvpAUGMslB5fnw9U=","Qb5ZAG7Ax+c4Uk0nMZP04NsEP1zCFZFKB1cekls3SK8=","727o8VMjEJqzxVxnCZN7FuagT5MstkTxJ5BAy32CfkM=","upqclpbZXCs54wYphGD9Ms6hTZlUlINIycL1q5U8/hw=","2pocn9Gye3sEKHB4OXZ63BmFlyVyuo95t6ESbhREdGM=","D1be1Wnt+obNjMarbAIe8YjGv8AUtnjxVqBPiBh+cEQ=","f43n14vDD1N4mpuk2I6xtv/nKshsCqnxlpvAGc6P2Bw=","pVXzd3Yp4NVVr2e8eB8znXACM9FcpSiaS19Qd3vaefM=","ySG/QWDOsZXyPuj3TqbaXKcWoP4ISBVlhc8Z+hJO0C0=","qPy67/xsVrsuOUusrNGNty+lzwDoliHK7ddxh4fII1A=","9OMFEvQ/0GRxb7CfhIn/l16Y/inGmLcQqYrp48/x6mI=","RGcdtV3pdC+z62nsJiwFeLcJyhTP/dAafBYnBTDNssc=","EIp0HhVJlAAEugmgLVKre67JIQPUPuaX1Ljx7YDBVus=","bfKdKMWWGK5ueSEeQ6U1HGRCF1We1dzi1LxkTBr2zFA=","lGGUeYMSXJ4UVsOpPoPP8YmbPxZYCYhahD1OvN7W3Rg=","4ml2UeHTgG03/tlJOEKFW+MuXv7CmW3aMNPyBgIdPjg=","g+UaTBCdKGNfsTElFFjl4tNC/Ub+DyoSJ2ENdunQNmA=","apSjhqKZDkRpfQ5ekUdF9eqa8OSdfqgvB/anxGK5lRo=","bpzecpJ0g//1YYXg3vF7wiy8WQLDzcw0ncqbKfI3TRg=","Lsv287SCRxLJ7jCSP0os6xN9RIc3CnMgP4oLqgAEgwg=","DtPf+ObOsccTLpXxe/1G4F+t9P+VkKtU6tTwFcx41n0=","PQAJpAMRIwj1kVs97vFuqEqRFNO+l6K2i+kh0PfodBQ=","uAB9QFdTf5cetaAkP6NJvk2pfZewaT3HWwF7TX7PbWk=","A0D9CUHzxj/Wb2j/jaOEPGB/wTrqxRaJM7akXgwpwQs=","YqEhbx4gedQgCQYnRo87fezjSiLW7Pv+bFXLd7NnEgQ=","IJeRC69Ogaik3H1hVaRAH6gOVlnDa+JWLYncJV1aImw=","O36URHyKdo46A3RnP2/ySb+ZyZca3DrH1NoSq14bJDw=","z7fMTzj5FMs/A9sP3eIYmHJBor+japBbpxyEhhe/OtQ=","ej1Hv1TVXtKo3SAbkmuE12OcYNov3qmKOyBkzm50ob0=","RNop7NUeBq+I78UIud3J3eqAZK4rLNPMY+RwEFZTfcE=","GV8cbrj9lqc9I8CZT7FEysD3n2rV9qRMC8NJGvwE1zg=","u2supF8xsLGnIfjII6/8N0nXpBDcUSmB3ziZDXDYZWM=","IdfCjMMRc0DknPCR1I9wCep+pzvyCAyCgX6veX14sLU=","rCQck4s8CfhZ417AKfmcAG7lgvnSFBpFplJMsdypS7E=","pqz9gNfJ6T78Zf1rpWWukkWvGRAoubkM75y0kD/cXG0=","eRkEa6LU6kGDQZzRh9UIeaIhI+GQmUIuQh9dKE5SnRk=","QTOQKUC49Tl7TlVCnyJHJG+GM72WErSCp2S0L7i4iWw=","Xkvc2cMvEWzGyOMBquqw/iac6QOBCn7Fr4L2P1PXlQE=","qnAZZ4USvDv2wz+uPCzc2IspPoFoa++i01AuxmuNlV4=","fn5l6a2XjQKjZg8cM5PSwpd+UojbfR+s5+70xOtrxQ4=","B4WZFbrmgBvk3uMghV68ZnA+p6FsOlKmkJD4xW1wnmk=","HYxtJol6QsbGO97PWNdPZV+b+5Yr3fQ2lWdETEXza1M=","vGjZ57fhQD/TGD3kaRJ4j/u+pn7EZVrS+YS0Rk3Az/I=","emRdd4I+8JWQ7h4pOlVBh4YwY8ICznu2af78MI2yPig=","VvivsdAdNt1GCAHlIKoUse80Rw7VBGWLU+wUZuWhaLQ=","ZPiA7wAMEJCC0pCl+ZMJzRaq/w0fmSzdRgIkYQdmAUY=","/UbnEh+IprUBPVLatwVFm0Lu82tnTEQ1vlKYPba/DwA=","w8RKFVVuTK1EbBpSKLkJWGToEf2F2Z2RCUCwqEzW5vk=","V251YLJiviPWeovagb5IcBDSlbIEf5OZzraPJ7P3aPA=","5wAPKpHHFfB9c3QwBQ36Dr4uMd30Gq2e2RjV/XHO7GA=","93xaWeMyZc3mrpQbGtEXGg+xjEQDrb6awfGkQf5Nroo=","7vs7+qrDeHQUu83Gzc9k6Xlj7AmI8q38/BmIaomDOis=","9aoPLHKpda54jmXhOtMYFDCVHm2+W4yab26gFXHl4ZY=","xMDhOo865eCbX8HD/g0TGpFd7dBG+PS/O8dluU2Lomk="],"block_size":4096,"path":"mirroring_common.js"},{"block_hashes":["lcm0yu0k0yCpwWxteFE0iaV/uS2FB4t9VHuYNoFbYB4=","vYtztOOx7vFbDQeSfQNdQQZy9UjUB9cow3izXurqSj0=","d7S0g92/+nLYgZY9ugOZalNTFIF5TWhuxBmjUUvE9Zs=","7BZ/wiQmd2URQKHqbcV/dZ8IxjRF0KCTI/mCRpC4R0A=","Tye4YKbnKGnYHHTF6LGrHapsLwI6W1qUBUqoCNOI0Gw=","IXWttU7hISinOwkAAKwDNw5lmTr0lNzSSw+8DHXCt58=","5J+K7zMcyQv/+NboiuXBNpn54NsOjHqP4EG//PBVQMA=","1lJ4YB+kl1/IhMHPUiITrwf791sCbb6gfCI/xCM8yV4=","+bJw+NpFg20d+U2n+N5Ahf6tvrMpJahNJRmg/i6CLhY=","AQVDgkY8yE4X/RcIplhIJobKfDMyPpjX3rTfsFGsjeA=","y+rGuHUjmlnjPzru62UefQiVIZQh8MtRUj490CXV87s=","8wjFNJvRC+f71i/034Z1aWbCdpV+q4+l74ItCHkXLuc=","C+QNndVsiOQDSFo5thCLQHa3i7zHqXnSw0C/wAT48yo=","s2rkAgYaPTafFvCneA+dectfpNq7iurOmMARM1cLmNY=","DII1wW1yaVqyFg8Ag11wxvakn0qEMPkstdidprh7jBI=","7Gvf1Hz9w/lvQ+KZ60iKcCDaN62rtwfpyPYosSMZi4M=","RGjlY11YQX05VtLivOXAJkxw5DrfCOv99XRYx4Y4G7A=","rp66NuPxmjjxzA17bPbCUjkWAH02zps39Qz8HcnzXL8=","pfO5WBvXRVFxvaxEQjiAz5jeAZQ9wHbTgGRO8Rd+oJA=","hY9KjGq7Nk8dWNFOkr1mQ243FYv+ED+xgTTdy4BNF9o=","UVeQdVY39quSvDKlLa6FDL7aq1CIAXe7fpIFsh2/QHY=","PpK80lWIIAwUQA8qDwhMy2KYL2TFLXMLjehHvvS4Pzg=","xvALjaquaIXhCxTMWgnFtqDUDfb3s7En2ESdCl7Btt0=","Bpuazza24iEZMbbdGwmX4Almzs/l4kFhtI37jqyuuKY=","ixcrMk6TT+5OA63eTi1tnjkS5XOPUu87lpqagAq5+Ps=","jcQzQxHhG0AefBP9vNEmkPJE+vVjGHYUxn2kCk9YooQ=","W1E7iUcbq+Hzpqe+qu7wwWthbVEglcL3jPpAUyCLQ0I=","i02FZ6hVCK76zqfL99G51wcCv1Gs0KGIjiBfSIPuUHs=","vQgYK3AyIMaZ1ddNiglQ8Li4FWS/sIPlqdCYrGzmLmo=","rONoR1dk5rIfDWukq+EjVOBhfRYvWZIVePux5Jc4i54=","HqILCLxLdWqJeEqR0n6dOEdq4dL5GVtJBPRhlvKWp7A=","ECOVoeUPfHwgamdxWB4fYrYN5JeEjGO/3G4fQDK/xmE=","ZRgrXb1A+lPWwhiE2ehcEP3vSKf9nn/o5jmMJ/6vzr8=","6gDBPF1zgJCLTSHl9EmGqzWmtYNLnxl3Znq33bnxNPg=","gQ+5PUHhiX4RTCgGQHH0ugMkpOQso5xVI9/yI+Kvhhs=","maeyNiKXiaej44UqpNJA78YoSbyJYkQn7sQ4N4LzAII=","HDA5qB4qDBwauFJv2b+PY0p8sp0M9uaJWajQTmJXr2Q=","+JYtzVR1RvV/GRlj2zvrE6wMaEobaRX8tE03QTN9nBo=","Em95N+3xF2LzwGqoRb9fKJda7dkersWIdeyCPDVrCRM=","MzIDm3DMSdA3Vm5dKVlrIV9WQbxSGt72+Md9aPOH/Xc=","foIH2GVacLIPjLmHNPH4P1REGMwBlQEHFv8N7tAMRY8=","wkUZkkZ0hk2oHFsM2eZLgS0WmndMG6ffidBYgOkd8WY=","O1ful6/2fMf0lvl8adYslgWDh0L/3ehM4minUhdFiMs=","c2cMe44zS+kFD6RXtmq9LcvPXoaJkJCvGAhajxOmOhI=","vC2kwJ76KSXpnhZAk949s3eZ+v4RwsB3SiqHE7KyEmU=","ViEqMak6BEZN+cRbQ9vqd3TUk31KiZlLw7FZwnHsCOU=","hrk1HqWdjr56lical1cnqo90RLjqfVNVf28D8zYwC5g=","iPKsQzP9JZoIDf/Y1EylzAlhHXsVwpZKU7wwAlEE3RA=","dFITsKtMMXkrZAHLcTUzijHTsu/ThQhYdg5N635oWVE=","iaMzdVIevpSr0PLy+FT6Ro9y9ZwRDXyrxVuviPlJB3Y=","nKVqM+AE9qwLU554bie4p/FQzZhvI5Gu7vxgwuaF47E=","BebCOiO/5MIfULyaeBjKnWOHjCPJ8p6vaIavmRs/Er8=","FKOnAhw+zidPkahwgAU+tdWq1qRMmKV9JU7R889/fI8=","3wOjCCEP2XtLVUqoQB5CGmU0nmcUF0/yhpjgZTuZ3gc=","U88xuv1IJl7sPo4tpaeDLDts7ygVdY+yU48qEXqJiFU=","F7f/tsX4gBBSb7l/MN4vjBqqo3ryksg8aCThY81Tybk=","/HEIjAgqJjB1eKUNOqCrrf7fzZP17zSJtTumafIZBw8=","OU16CBQDMe3xN74drMvcEaUquXtJFki1ewPLFnPPHwE=","ryi74r3ESYwkYONjAU9hjHpPTF2AD35nY+pwRZ+zB1Y=","vhuObvN8zPDZ/uHG2BB554pxyA/3VN/fXQphswaiEeE=","NUidep98tr81zryI2YjR06CfzXvLAI0OgcEHhkkjZto=","E2nYI+wqoLXWJDXC7PhdFTf7fbBRyC1bYVjHWktbMNg=","FGcJ7cqOsgOMNxpCLPCCXWDQrcBOVT7KcJZeKPL9ir8="],"block_size":4096,"path":"mirroring_hangouts.js"},{"block_hashes":["ZlylrePSyP3ZdA75eahM3wxLAZR6wi7SY9ATUIsF0Pc="],"block_size":4096,"path":"mirroring_webrtc.js"}],"version":2}