{"file_hashes":[{"block_hashes":["kEIgFi4csfDcdOrJ3AI0xge4d/z+RYmgMiSmAphoYJI="],"block_size":4096,"path":"_locales/af/messages.json"},{"block_hashes":["VTbCG7KKDMkdUcHFv9zoxoV6GB0f+B0ek/aYnJIDQUk="],"block_size":4096,"path":"_locales/az/messages.json"},{"block_hashes":["CFJRnOsE9XJ8K0SHtQDZWrTuEbtUJZnWKBLiExN+awA="],"block_size":4096,"path":"_locales/eu/messages.json"},{"block_hashes":["9biwVBluSXQPvpg0WZZiSFaeI4oP7jsfiCwEegdvX1k="],"block_size":4096,"path":"_locales/gl/messages.json"},{"block_hashes":["+WgN2AtE5JztqjTQWZ2VnzF0OIybkA9Ft6a2dSDZWGQ="],"block_size":4096,"path":"_locales/hy/messages.json"},{"block_hashes":["lXiOYonGdPY16cP2ShncZyPfGQc6CH36Hr2/lt0bb0A="],"block_size":4096,"path":"_locales/is/messages.json"},{"block_hashes":["pYEgBRU7rvgns1284M3mbI1Qklx/FEfDRUDwNd0Vj08="],"block_size":4096,"path":"_locales/iw/messages.json"},{"block_hashes":["tB042Erle9sDkwH4sWLu6Xogmcz1hZTMBK5WCtnq+uE="],"block_size":4096,"path":"_locales/ka/messages.json"},{"block_hashes":["ihHwV7glXkIjwhrMijJahXTVB+hVGeR05d4o7Zx6kMw="],"block_size":4096,"path":"_locales/km/messages.json"},{"block_hashes":["0G6SSAi9CWx3t+7vAmtDG8ZwsFRjjjCVyZVHxluSvg8="],"block_size":4096,"path":"_locales/lo/messages.json"},{"block_hashes":["2F3W7917Ydi/nkHGTCizV+IzaYfcKcwEblLApbnTW40="],"block_size":4096,"path":"_locales/mn/messages.json"},{"block_hashes":["gtzF0pRIJ3CYHdwat6VAvfxItJQg3Ch8RFPWGW84loI="],"block_size":4096,"path":"_locales/ne/messages.json"},{"block_hashes":["9kJTA5+EcokZplBHIm7bNYrPw+D0pKmk3qHF9EcyWG8="],"block_size":4096,"path":"_locales/no/messages.json"},{"block_hashes":["pVbOcsA2brDx0sb3VzpIWCuKwoHCpjiK0aLRCz/FJq4="],"block_size":4096,"path":"_locales/si/messages.json"},{"block_hashes":["EcGPli57qy9UDZtKdXKOGIA5CHVO8SNbe4ckaYYzs6U="],"block_size":4096,"path":"_locales/ur/messages.json"},{"block_hashes":["DawCruK8JyTcNy29TmzA5rkyLvnBux9cN5y3ooLP+uM="],"block_size":4096,"path":"_locales/zh_HK/messages.json"},{"block_hashes":["+47Ton4O/MB1KU4nVFcTq1qWLJ2epb3DbYuJevFn7Vg="],"block_size":4096,"path":"_locales/zu/messages.json"},{"block_hashes":["wdRG9SlFVuK/EbrcUhtCPtVs8XfQxEJ1M/LiVh+1jus=","FvyKqT0yn3mU8nMu+4pLVLKQJ1/d1Rhun0DnNFKJH+E="],"block_size":4096,"path":"contentscript_bin_prod.js"},{"block_hashes":["bGnOD+b6sU8ZkKMg1wT+42LBdcAOtskiSqb0EQiRjKY="],"block_size":4096,"path":"dasherSettingSchema.json"},{"block_hashes":["C0QKsc6xXtB8UFfqD8/rtxVEiGXSiqhaxrLMDE6Tjrg=","lDBoFdC2XEF79yhU/CmeeLPu/feFMScDAWfJXEDKp60=","Ku5J6R2qUgw7FLFH04mfN3s6UOYOxBbLluSh58qpFZY=","raZlBC3x4ML8FfX/2YBMXUUHdEh/YpHxt4yIrrn8HXY=","88rqCPC1SJHhHFJsJaWiD1JbVtskdQ7gibX8sMzfchw=","StsVoCFIml+r7UmhnpJbi84t4JQT0Zm/fiUSwv99KQ4="],"block_size":4096,"path":"eventpage_bin_prod.js"},{"block_hashes":["G45SgfxHkvCdhIvwcgQBpo63ACB+foyMAO4WFO9qMJM="],"block_size":4096,"path":"page_embed_script.js"}],"version":2}